block,blockWeight
0,40.203946994354034
1,38.910087394459296
2,44.20837712961031
3,43.77988116128046
