block,blockWeight
0,46.87520266892118
1,43.21942369835319
2,43.98829886083677
3,39.87316566007811
